{
    "axis": {
        "dpad_down": 6,
        "dpad_left": -5,
        "dpad_right": 5,
        "dpad_up": -6,
        "leftstick_down": 2,
        "leftstick_left": -1,
        "leftstick_right": 1,
        "leftstick_up": -2,
        "rightstick_down": 4,
        "rightstick_left": -3,
        "rightstick_right": 3,
        "rightstick_up": -4,
        "trig_left": null,
        "trig_right": null
    },
    "button": {
        "action_1": 3,
        "action_2": 4,
        "action_3": 0,
        "action_4": 1,
        "back": 10,
        "bump_left": 6,
        "bump_right": 7,
        "click_left": 2,
        "click_right": 5,
        "dpad_down": null,
        "dpad_left": null,
        "dpad_right": null,
        "dpad_up": null,
        "home": null,
        "start": 11,
        "trig_left": 8,
        "trig_right": 9
    },
    "common_name": "InterAct Hammerhead FX Gamepad",
    "deadzone": 0.1,
    "flight_stick": false,
    "guitar": false,
    "md5": "98a74c9f896e219797038f079bbf3b72",
    "name": "S.T.D. Interact Gaming Device",
    "os": "x11",
    "special": false
}
