{
    "axis": {
        "dpad_down": 7,
        "dpad_left": -6,
        "dpad_right": 6,
        "dpad_up": -7,
        "leftstick_down": 2,
        "leftstick_left": -1,
        "leftstick_right": 1,
        "leftstick_up": -2,
        "rightstick_down": 5,
        "rightstick_left": -4,
        "rightstick_right": 4,
        "rightstick_up": -5,
        "trig_left": null,
        "trig_right": null
    },
    "button": {
        "action_1": 2,
        "action_2": 1,
        "action_3": 3,
        "action_4": 0,
        "back": 8,
        "bump_left": 4,
        "bump_right": 5,
        "click_left": 10,
        "click_right": 11,
        "dpad_down": null,
        "dpad_left": null,
        "dpad_right": null,
        "dpad_up": null,
        "home": null,
        "start": 9,
        "trig_left": 6,
        "trig_right": 7
    },
    "common_name": "SPEEDLINK Strike Gamepad",
    "deadzone": 0.1,
    "flight_stick": false,
    "guitar": false,
    "md5": "7405f31b70f8002536e8771479cb1931",
    "name": "DragonRise Inc.   Generic   USB  Joystick  ",
    "os": "x11",
    "special": false
}
