{
    "axis": {
        "dpad_down": null,
        "dpad_left": null,
        "dpad_right": null,
        "dpad_up": null,
        "leftstick_down": -2,
        "leftstick_left": -1,
        "leftstick_right": 1,
        "leftstick_up": 2,
        "rightstick_down": -4,
        "rightstick_left": -3,
        "rightstick_right": 3,
        "rightstick_up": 4,
        "trig_left": null,
        "trig_right": null
    },
    "button": {
        "action_1": 1,
        "action_2": 0,
        "action_3": 3,
        "action_4": 2,
        "back": 10,
        "bump_left": 6,
        "bump_right": 7,
        "click_left": null,
        "click_right": null,
        "dpad_down": null,
        "dpad_left": null,
        "dpad_right": null,
        "dpad_up": null,
        "home": 8,
        "start": 9,
        "trig_left": 4,
        "trig_right": 5
    },
    "common_name": "Nintendo Wii Classic Controller",
    "deadzone": 0.1,
    "flight_stick": false,
    "guitar": false,
    "md5": "8ea7def47e5e821805253745eb48e773",
    "name": "Nintendo Wii Remote Classic Controller",
    "os": "x11",
    "special": false
}
