{
    "axis": {
        "dpad_down": null,
        "dpad_left": null,
        "dpad_right": null,
        "dpad_up": null,
        "leftstick_down": 2,
        "leftstick_left": -1,
        "leftstick_right": 1,
        "leftstick_up": -2,
        "rightstick_down": 4,
        "rightstick_left": -3,
        "rightstick_right": 3,
        "rightstick_up": -4,
        "trig_left": 13,
        "trig_right": 14
    },
    "button": {
        "action_1": 14,
        "action_2": 13,
        "action_3": 15,
        "action_4": 12,
        "back": 0,
        "bump_left": 10,
        "bump_right": 11,
        "click_left": 1,
        "click_right": 2,
        "dpad_down": 6,
        "dpad_left": 7,
        "dpad_right": 5,
        "dpad_up": 4,
        "home": 16,
        "start": 3,
        "trig_left": 8,
        "trig_right": 9
    },
    "common_name": "Sony DualShock 3 Controller",
    "deadzone": 0.1,
    "flight_stick": false,
    "guitar": false,
    "md5": "d13b8d6f46331f0e7ce5bac321b9e548",
    "name": "Sony PLAYSTATION(R)3 Controller",
    "os": "x11",
    "special": false
}
