{
    "axis": {
        "dpad_down": null,
        "dpad_left": null,
        "dpad_right": null,
        "dpad_up": null,
        "leftstick_down": 2,
        "leftstick_left": -1,
        "leftstick_right": 1,
        "leftstick_up": -2,
        "rightstick_down": 5,
        "rightstick_left": -4,
        "rightstick_right": 4,
        "rightstick_up": -5,
        "trig_left": 3,
        "trig_right": -6
    },
    "button": {
        "action_1": 0,
        "action_2": 3,
        "action_3": 1,
        "action_4": 2,
        "back": 16,
        "bump_left": 4,
        "bump_right": 5,
        "click_left": 6,
        "click_right": 7,
        "dpad_down": 9,
        "dpad_left": 10,
        "dpad_right": 11,
        "dpad_up": 8,
        "home": 15,
        "start": 14,
        "trig_left": 12,
        "trig_right": 13
    },
    "common_name": "OUYA Wireless Controller",
    "deadzone": 0.15,
    "flight_stick": false,
    "guitar": false,
    "md5": "2282b5deb46ec99a8012a79483878334",
    "name": "OUYA Game Controller",
    "os": "x11",
    "special": false
}
