{
    "axis": {
        "dpad_down": 6,
        "dpad_left": -5,
        "dpad_right": 5,
        "dpad_up": -6,
        "leftstick_down": null,
        "leftstick_left": null,
        "leftstick_right": null,
        "leftstick_up": null,
        "rightstick_down": null,
        "rightstick_left": null,
        "rightstick_right": null,
        "rightstick_up": null,
        "trig_left": null,
        "trig_right": null
    },
    "button": {
        "action_1": 1,
        "action_2": 2,
        "action_3": 3,
        "action_4": 0,
        "back": 8,
        "blue": 3,
        "bump_left": null,
        "bump_right": null,
        "click_left": null,
        "click_right": null,
        "dpad_down": null,
        "dpad_left": null,
        "dpad_right": null,
        "dpad_up": null,
        "green": 1,
        "home": 12,
        "orange": 4,
        "red": 2,
        "start": 9,
        "trig_left": null,
        "trig_right": null,
        "yellow": 0
    },
    "common_name": "Guitar Hero 3 PS3 Guitar",
    "deadzone": 0.1,
    "flight_stick": false,
    "guitar": false,
    "md5": "12d6d31f37826c613975b1a13500c4a1",
    "name": "Licensed by Sony Computer Entertainment Guitar Hero3 for PlayStation (R) 3",
    "os": "x11",
    "special": true
}
