{
    "axis": {
        "dpad_down": 2,
        "dpad_left": -1,
        "dpad_right": 1,
        "dpad_up": -2,
        "leftstick_down": null,
        "leftstick_left": null,
        "leftstick_right": null,
        "leftstick_up": null,
        "rightstick_down": null,
        "rightstick_left": null,
        "rightstick_right": null,
        "rightstick_up": null,
        "trig_left": null,
        "trig_right": null
    },
    "button": {
        "action_1": 0,
        "action_2": 1,
        "action_3": 3,
        "action_4": 4,
        "back": null,
        "bump_left": 6,
        "bump_right": 7,
        "click_left": null,
        "click_right": null,
        "dpad_down": null,
        "dpad_left": null,
        "dpad_right": null,
        "dpad_up": null,
        "home": null,
        "start": 8,
        "trig_left": 5,
        "trig_right": 2
    },
    "common_name": "SLS Sega Saturn USB Control Pad (Cypress)",
    "deadzone": 0.1,
    "flight_stick": false,
    "guitar": false,
    "md5": "e374509322a147b7564531b1dfe528a0",
    "name": "CYPRESS USB Gamepad",
    "os": "x11",
    "special": false
}
