{
    "axis": {
        "dpad_down": 6,
        "dpad_left": -5,
        "dpad_right": 5,
        "dpad_up": -6,
        "leftstick_down": 2,
        "leftstick_left": -1,
        "leftstick_right": 1,
        "leftstick_up": -2,
        "rightstick_down": 4,
        "rightstick_left": -3,
        "rightstick_right": 3,
        "rightstick_up": -4,
        "trig_left": null,
        "trig_right": null
    },
    "button": {
        "action_1": 1,
        "action_2": 2,
        "action_3": 0,
        "action_4": 3,
        "back": 8,
        "bump_left": 4,
        "bump_right": 5,
        "click_left": 10,
        "click_right": 11,
        "dpad_down": null,
        "dpad_left": null,
        "dpad_right": null,
        "dpad_up": null,
        "home": null,
        "start": 9,
        "trig_left": 6,
        "trig_right": 7
    },
    "common_name": "Logitech Cordless RumblePad 2",
    "deadzone": 0.1,
    "flight_stick": false,
    "guitar": false,
    "md5": "ad549640d1dc4475e99322ab97aad5bc",
    "name": "Logitech Logitech Cordless RumblePad 2",
    "os": "x11",
    "special": false
}
