{
    "axis": {
        "dpad_down": null,
        "dpad_left": null,
        "dpad_right": null,
        "dpad_up": null,
        "leftstick_down": 2,
        "leftstick_left": -1,
        "leftstick_right": 1,
        "leftstick_up": -2,
        "rightstick_down": null,
        "rightstick_left": null,
        "rightstick_right": null,
        "rightstick_up": null,
        "trig_left": null,
        "trig_right": null
    },
    "button": {
        "action_1": 14,
        "action_2": 13,
        "action_3": null,
        "action_4": null,
        "back": null,
        "bump_left": 10,
        "bump_right": null,
        "click_left": 1,
        "click_right": null,
        "dpad_down": 6,
        "dpad_left": 7,
        "dpad_right": 5,
        "dpad_up": 4,
        "home": 16,
        "start": null,
        "trig_left": 8,
        "trig_right": null
    },
    "common_name": "PlayStation Navigation Controller",
    "deadzone": 0.1,
    "flight_stick": false,
    "guitar": false,
    "md5": "983a7856b9a6b0e406cf347b374357b1",
    "name": "Sony Navigation Controller",
    "os": "x11",
    "special": false
}
