{
    "axis": {
        "dpad_down": 7,
        "dpad_left": -6,
        "dpad_right": 6,
        "dpad_up": -7,
        "leftstick_down": 3,
        "leftstick_left": -4,
        "leftstick_right": 4,
        "leftstick_up": -3,
        "rightstick_down": 2,
        "rightstick_left": -1,
        "rightstick_right": 1,
        "rightstick_up": -2,
        "trig_left": null,
        "trig_right": null
    },
    "button": {
        "action_1": 5,
        "action_2": 6,
        "action_3": 4,
        "action_4": 7,
        "back": 10,
        "bump_left": 1,
        "bump_right": 0,
        "click_left": 3,
        "click_right": 2,
        "dpad_down": null,
        "dpad_left": null,
        "dpad_right": null,
        "dpad_up": null,
        "home": null,
        "start": 11,
        "trig_left": 9,
        "trig_right": 8
    },
    "common_name": "Thrustmaster T-Flight Hotas X Flight Stick",
    "deadzone": 0.1,
    "flight_stick": false,
    "guitar": false,
    "md5": "028eb3d1145466520cda0304dd6850d5",
    "name": "Thrustmaster T.Flight Hotas X",
    "os": "x11",
    "special": false
}
