{
    "axis": {
        "dpad_down": 8,
        "dpad_left": -7,
        "dpad_right": 7,
        "dpad_up": -8,
        "leftstick_down": 2,
        "leftstick_left": -1,
        "leftstick_right": 1,
        "leftstick_up": -2,
        "rightstick_down": 6,
        "rightstick_left": -3,
        "rightstick_right": 3,
        "rightstick_up": -6,
        "trig_left": 4,
        "trig_right": 5
    },
    "button": {
        "action_1": 1,
        "action_2": 2,
        "action_3": 0,
        "action_4": 3,
        "back": 8,
        "bump_left": 4,
        "bump_right": 5,
        "click_left": 10,
        "click_right": 11,
        "dpad_down": null,
        "dpad_left": null,
        "dpad_right": null,
        "dpad_up": null,
        "home": 12,
        "start": 9,
        "trig_left": 6,
        "trig_right": 7
    },
    "common_name": "Sony DualShock 4 Controller",
    "deadzone": 0.1,
    "flight_stick": false,
    "guitar": false,
    "md5": "b3a3fcaa6e4b2ab4ef2652873401bb50",
    "name": "Sony Computer Entertainment Wireless Controller",
    "os": "x11",
    "special": false
}
