{
    "axis": {
        "dpad_down": 7,
        "dpad_left": -7,
        "dpad_right": 6,
        "dpad_up": -7,
        "leftstick_down": 2,
        "leftstick_left": -1,
        "leftstick_right": 1,
        "leftstick_up": -2,
        "rightstick_down": 5,
        "rightstick_left": -4,
        "rightstick_right": 4,
        "rightstick_up": -5,
        "trig_left": null,
        "trig_right": null
    },
    "button": {
        "action_1": 0,
        "action_2": 1,
        "action_3": 3,
        "action_4": 4,
        "back": 2,
        "bump_left": 6,
        "bump_right": 7,
        "click_left": null,
        "click_right": null,
        "dpad_down": null,
        "dpad_left": null,
        "dpad_right": null,
        "dpad_up": null,
        "home": 5,
        "start": 8,
        "trig_left": 9,
        "trig_right": 10
    },
    "common_name": "Logitech WingMan Cordless Gamepad",
    "deadzone": 0.15,
    "flight_stick": false,
    "guitar": false,
    "md5": "930f35c3a3545ba3df30d43dedff93d5",
    "name": "Logitech WingMan Cordless Gamepad",
    "os": "x11",
    "special": false
}
