{
    "axis": {
        "dpad_down": null,
        "dpad_left": null,
        "dpad_right": null,
        "dpad_up": null,
        "leftstick_down": 2,
        "leftstick_left": -1,
        "leftstick_right": 1,
        "leftstick_up": -2,
        "rightstick_down": 5,
        "rightstick_left": -4,
        "rightstick_right": 4,
        "rightstick_up": -3,
        "trig_left": null,
        "trig_right": null
    },
    "button": {
        "action_1": 0,
        "action_2": 1,
        "action_3": 3,
        "action_4": 4,
        "back": 2,
        "bump_left": 6,
        "bump_right": 7,
        "click_left": null,
        "click_right": null,
        "dpad_down": 13,
        "dpad_left": 14,
        "dpad_right": 15,
        "dpad_up": 12,
        "home": 5,
        "start": 8,
        "trig_left": 9,
        "trig_right": 10
    },
    "common_name": "WingMan Cordless Gamepad",
    "deadzone": 0.1,
    "flight_stick": false,
    "guitar": false,
    "md5": "f916ad081ca6e2ae04a4aca3e571f8cb",
    "name": "WingMan Cordless Gamepad",
    "os": "windows",
    "special": false
}
