{
    "axis": {
        "dpad_down": null,
        "dpad_left": null,
        "dpad_right": null,
        "dpad_up": null,
        "leftstick_down": 2,
        "leftstick_left": -1,
        "leftstick_right": 1,
        "leftstick_up": -2,
        "rightstick_down": 4,
        "rightstick_left": -3,
        "rightstick_right": 3,
        "rightstick_up": -4,
        "trig_left": null,
        "trig_right": null
    },
    "button": {
        "action_1": 0,
        "action_2": 1,
        "action_3": 2,
        "action_4": 3,
        "back": 8,
        "bump_left": 4,
        "bump_right": 5,
        "click_left": 11,
        "click_right": 12,
        "dpad_down": 16,
        "dpad_left": 13,
        "dpad_right": 14,
        "dpad_up": 15,
        "home": 10,
        "start": 9,
        "trig_left": 6,
        "trig_right": 7
    },
    "common_name": "Xbox 360 Wireless Receiver",
    "deadzone": 0.1,
    "flight_stick": false,
    "guitar": false,
    "md5": "f6b0e78ba5d140684956c912eb72031d",
    "name": "Xbox 360 Wireless Receiver",
    "os": "x11",
    "special": false
}
