{
    "axis": {
        "dpad_down": null,
        "dpad_left": null,
        "dpad_right": null,
        "dpad_up": null,
        "leftstick_down": null,
        "leftstick_left": null,
        "leftstick_right": null,
        "leftstick_up": null,
        "rightstick_down": null,
        "rightstick_left": null,
        "rightstick_right": null,
        "rightstick_up": null,
        "trig_left": null,
        "trig_right": null
    },
    "button": {
        "action_1": null,
        "action_2": null,
        "action_3": null,
        "action_4": null,
        "back": null,
        "blue1": 4,
        "blue2": 9,
        "blue3": 14,
        "blue4": 19,
        "bump_left": null,
        "bump_right": null,
        "click_left": null,
        "click_right": null,
        "dpad_down": null,
        "dpad_left": null,
        "dpad_right": null,
        "dpad_up": null,
        "green1": 2,
        "green2": 7,
        "green3": 12,
        "green4": 17,
        "home": null,
        "orange1": 3,
        "orange2": 8,
        "orange3": 13,
        "orange4": 18,
        "red1": 0,
        "red2": 5,
        "red3": 10,
        "red4": 15,
        "start": null,
        "trig_left": null,
        "trig_right": null,
        "yellow1": 1,
        "yellow2": 6,
        "yellow3": 11,
        "yellow4": 16
    },
    "common_name": "Buzz PS3 Controllers",
    "deadzone": 0.1,
    "flight_stick": false,
    "guitar": false,
    "md5": "2abaa9765204c75aec53a81ad6435f65",
    "name": "Namtai Wbuzz",
    "os": "x11",
    "special": true
}
