{
    "axis": {
        "dpad_down": 6,
        "dpad_left": -5,
        "dpad_right": 5,
        "dpad_up": -6,
        "leftstick_down": null,
        "leftstick_left": null,
        "leftstick_right": null,
        "leftstick_up": null,
        "rightstick_down": null,
        "rightstick_left": null,
        "rightstick_right": null,
        "rightstick_up": null,
        "trig_left": null,
        "trig_right": null
    },
    "button": {
        "action_1": 1,
        "action_2": 2,
        "action_3": 0,
        "action_4": 3,
        "back": 8,
        "blue": 0,
        "bump_left": null,
        "bump_right": null,
        "click_left": null,
        "click_right": null,
        "dpad_down": null,
        "dpad_left": null,
        "dpad_right": null,
        "dpad_up": null,
        "green": 1,
        "home": 12,
        "lead_indicator": 6,
        "orange": 4,
        "red": 2,
        "start": 9,
        "trig_left": null,
        "trig_right": null,
        "yellow": 3
    },
    "common_name": "Rock Band PS3 Guitar",
    "deadzone": 0.1,
    "flight_stick": false,
    "guitar": false,
    "md5": "4d60d1bda12f2d3e294838aa47d60d81",
    "name": "Licensed by Sony Computer Entertainment America Harmonix Guitar for PlayStation3",
    "os": "x11",
    "special": true
}
