{
    "axis": {
        "dpad_down": null,
        "dpad_left": null,
        "dpad_right": null,
        "dpad_up": null,
        "leftstick_down": 2,
        "leftstick_left": -1,
        "leftstick_right": 1,
        "leftstick_up": -2,
        "rightstick_down": 4,
        "rightstick_left": -5,
        "rightstick_right": 5,
        "rightstick_up": -4,
        "trig_left": 3,
        "trig_right": -3
    },
    "button": {
        "action_1": 0,
        "action_2": 1,
        "action_3": 2,
        "action_4": 3,
        "back": 6,
        "bump_left": 4,
        "bump_right": 5,
        "click_left": 8,
        "click_right": 9,
        "dpad_down": 13,
        "dpad_left": 14,
        "dpad_right": 15,
        "dpad_up": 12,
        "home": null,
        "start": 7,
        "trig_left": null,
        "trig_right": null
    },
    "common_name": "Xbox 360 Wireless Controller",
    "deadzone": 0.1,
    "flight_stick": false,
    "guitar": false,
    "md5": "5cd10d4b2888f13d9a4eb6cd04c0321f",
    "name": "Controller (Xbox 360 Wireless Receiver for Windows)",
    "os": "windows",
    "special": false
}
