{
    "axis": {
        "dpad_down": 6,
        "dpad_left": -5,
        "dpad_right": 5,
        "dpad_up": -6,
        "leftstick_down": 2,
        "leftstick_left": -1,
        "leftstick_right": 1,
        "leftstick_up": -2,
        "rightstick_down": null,
        "rightstick_left": null,
        "rightstick_right": null,
        "rightstick_up": null,
        "trig_left": null,
        "trig_right": null
    },
    "button": {
        "action_1": 1,
        "action_2": 2,
        "action_3": 0,
        "action_4": 3,
        "back": 8,
        "bump_left": null,
        "bump_right": null,
        "click_left": 10,
        "click_right": null,
        "dpad_down": null,
        "dpad_left": null,
        "dpad_right": null,
        "dpad_up": null,
        "home": 12,
        "start": 9,
        "trig_left": 6,
        "trig_right": 7
    },
    "common_name": "Rapala Fishing Rod PS3 Controller",
    "deadzone": 0.1,
    "flight_stick": false,
    "guitar": false,
    "md5": "6d75b4dc963aa0b331fc4a24097ad168",
    "name": "GuitarHero for Playstation (R) 3 GuitarHero for Playstation (R) 3",
    "os": "x11",
    "special": true
}
