{
    "axis": {
        "dpad_down": 8,
        "dpad_left": -7,
        "dpad_right": 7,
        "dpad_up": -8,
        "leftstick_down": 2,
        "leftstick_left": -1,
        "leftstick_right": 1,
        "leftstick_up": -2,
        "rightstick_down": 4,
        "rightstick_left": -3,
        "rightstick_right": 3,
        "rightstick_up": -4,
        "trig_left": 6,
        "trig_right": 5
    },
    "button": {
        "action_1": 0,
        "action_2": 1,
        "action_3": 2,
        "action_4": 3,
        "back": 6,
        "bump_left": 4,
        "bump_right": 5,
        "click_left": 9,
        "click_right": 10,
        "dpad_down": null,
        "dpad_left": null,
        "dpad_right": null,
        "dpad_up": null,
        "home": 8,
        "start": 7,
        "trig_left": null,
        "trig_right": null
    },
    "common_name": "Microsoft Xbox 360 Controller (xboxdrv)",
    "deadzone": 0.1,
    "flight_stick": false,
    "guitar": false,
    "md5": "5d98694fae9bc456936c3141dc2df5d1",
    "name": "Xbox Gamepad (userspace driver)",
    "os": "x11",
    "special": false
}
